Batch,Business Name,Contact Name,Designation,Emails,Phones,Website,Address,City,State,Country,Keyword,Source,Rating,Reviews,LinkedIn,Instagram,Facebook,X (Twitter)
dental doctor - vasai - 09 Aug 2026 22:06,"20 Best Dentists in Vasai Virar, India | DataGemba",,,,,https://datagemba.com/b/v/in/vasai-virar/dentists,,vasai,,,dental doctor,duckduckgo,,,,,,
dental doctor - vasai - 09 Aug 2026 22:06,Your Smile Deserves Expert Care – Visit Rathod Dental ...,,,,8766871697 9011,https://www.instagram.com/reel/DJtRtztt3Rc/?hl=en,,vasai,,,dental doctor,serper,,,,,,
dental doctor - vasai - 09 Aug 2026 22:06,"Best Dentists in Vasai West, Palghar",,,,,https://www.justdial.com/Palghar/Dentists-in-Vasai-West/nct-10156331,,vasai,,,dental doctor,tavily,,,,,,
dental doctor - vasai - 09 Aug 2026 22:06,Home | Rathod Dental Hospital in Vasai | All on 4 implant | Wisdom Tooth Extraction | The tooth in a Day Implant Facility | Children Dental Care | Specialized Braces Treatment | Tooth Whitening | mumbai | India,,,rathodadvancedento@gmail.com,+91 8766871697,https://www.rathoddentalhospital.com,,vasai,,,dental doctor,tavily,,,,https://www.instagram.com/rathoddentalhospital?igsh=ZnZ0MG0zMHVnbHdt,https://www.facebook.com/rathoddentalhospitalvasai/,
dental doctor - vasai - 09 Aug 2026 22:06,Dental Clinic in Vasai East,,,,"+91 9222 2331 11, 082918 49564",https://sabkadentist.com/dental-clinics-in-mumbai/vasai-east/,,vasai,,,dental doctor,serper,,,https://www.linkedin.com/in/dr-reena-waghela-66762390/,https://instagram.com/sabkadentist,https://www.facebook.com/SabkadentistIndia/,
dental doctor - vasai - 09 Aug 2026 22:06,Your V Care Dental Clinic in Vasai,,,info@yourvcare.com,9029025568,https://yourvcare.com/all-locations/your-v-care-dental-clinic-in-vasai/,,vasai,,,dental doctor,serper,,,,https://www.instagram.com/yourvcaredental/,,
dental doctor - vasai - 09 Aug 2026 22:06,"Best Dental Clinics Near Me in Vasai West, Thane",,,,,https://www.practo.com/thane/clinics/dental-clinics/vasai-west,,vasai,,,dental doctor,serper,,,//www.linkedin.com/company/practo-technologies-pvt-ltd,,//www.facebook.com/practo,
dental doctor - vasai - 09 Aug 2026 22:06,Dental Clinic in Vasai West. Visit Vasai Dental Care.,,,,"07028913822, +91 07028913822",https://vasaidentalcare.in,,vasai,,,dental doctor,tavily,,,,,,
dental doctor - vasai - 09 Aug 2026 22:06,Evershine Dental Clinic,,,,"+91 8104397522, 91) 8104397522, 91) 81043975",https://evershinedentalclinic.net,,vasai,,,dental doctor,tavily,,,,,,
dental doctor - vasai - 09 Aug 2026 22:06,"Best Dental Clinic in Vasai : Root Canal, Dental Implants, Smile Designing, Invisible Braces & Teeth Whitening",,,rajeshwari.d.clinic@gmail.com,+91-7219039657,https://www.rajeshwaridentalcare.com,,vasai,,,dental doctor,tavily,,,,https://www.instagram.com/rajeshwari_dental_clinic_/,https://www.facebook.com/p/Rajeshwari-Dental-Clinic-100054668804927/,
